{"entities":{"pages":{"bigdata":{"id":"bigdata","title":"大数据学习","url":"bigdata.html","level":0,"pages":["时间轮","Kafka","MySQL","Flume","分布式锁实现","Zookeeper","Flink","Click House","HDFS","Hive"],"tabIndex":0},"时间轮":{"id":"时间轮","title":"时间轮","url":"时间轮.html","level":1,"parentId":"bigdata","tabIndex":0},"Kafka":{"id":"Kafka","title":"Kafka","url":"kafka.html","level":1,"parentId":"bigdata","tabIndex":1},"MySQL":{"id":"MySQL","title":"MySQL","url":"mysql.html","level":1,"parentId":"bigdata","tabIndex":2},"Flume":{"id":"Flume","title":"Flume","url":"flume.html","level":1,"parentId":"bigdata","tabIndex":3},"分布式锁实现":{"id":"分布式锁实现","title":"分布式锁实现","url":"分布式锁实现.html","level":1,"parentId":"bigdata","tabIndex":4},"Zookeeper":{"id":"Zookeeper","title":"Zookeeper","url":"zookeeper.html","level":1,"parentId":"bigdata","tabIndex":5},"Flink":{"id":"Flink","title":"Flink","url":"flink.html","level":1,"parentId":"bigdata","pages":["Kafka-2-Flink-2-Doris"],"tabIndex":6},"Kafka-2-Flink-2-Doris":{"id":"Kafka-2-Flink-2-Doris","title":"Kafka-2-Flink-2-Doris","url":"kafka-2-flink-2-doris.html","level":2,"parentId":"Flink","tabIndex":0},"Click House":{"id":"Click House","title":"Click house","url":"click-house.html","level":1,"parentId":"bigdata","tabIndex":7},"HDFS":{"id":"HDFS","title":"HDFS","url":"hdfs.html","level":1,"parentId":"bigdata","tabIndex":8},"Hive":{"id":"Hive","title":"Hive","url":"hive.html","level":1,"parentId":"bigdata","tabIndex":9},"interview":{"id":"interview","title":"面试经历","url":"interview.html","level":0,"pages":["kingsoft-Golang"],"tabIndex":1},"kingsoft-Golang":{"id":"kingsoft-Golang","title":"金山云 Golang","url":"kingsoft-golang.html","level":1,"parentId":"interview","tabIndex":0}}},"topLevelIds":["bigdata","interview"]}